{
  "initial_capital": 1000000,
  "final_value": 442298.023854971,
  "total_return": -55.770197614502905,
  "system_accuracy": 0.9599999999999999,
  "win_rate": 0.0,
  "trades": 35
}